{"stats":{"minecraft:picked_up":{"minecraft:dirt":16},"minecraft:used":{"minecraft:dirt":16},"minecraft:mined":{"minecraft:grass":1,"minecraft:grass_block":8,"minecraft:dirt":8},"minecraft:custom":{"minecraft:jump":39,"minecraft:time_since_rest":1672,"minecraft:leave_game":2,"minecraft:crouch_one_cm":118,"minecraft:play_time":1672,"minecraft:sprint_one_cm":924,"minecraft:damage_taken":140,"minecraft:time_since_death":1672,"minecraft:walk_one_cm":5307,"minecraft:sneak_time":66,"minecraft:total_world_time":1672,"minecraft:fall_one_cm":3366,"minecraft:fly_one_cm":1926}},"DataVersion":3465}